ticker,name,sector,sector_pe,last_updated,price,price_1m_ret,price_3m_ret,price_6m_ret,low_52w,high_52w,pct_above_52w_low,price_trend,volume_trend,pe,pb,roe,roce,de,revenue_growth,market_cap_cr,screener_url,fii_pct,dii_pct,promoter_pct,fii_q1,fii_q2,fii_q3,fii_q4,dii_q1,dii_q2,dii_q3,dii_q4,fii_selling_4q,dii_buying_4q,fii_trend_pct,dii_trend_pct,fii_label,dii_label,fair_value,buy_zone_low,buy_zone_high,strong_buy_below,value_signal,valuation_methods,smart_money_score,grade,score_fii,score_dii,score_pe,score_pb,score_roe,score_roce,score_debt,score_revgrowth,score_promoter,score_52w,scrape_status
NATCOPHARM.NS,Natco Pharma,Pharmaceuticals,25.0,2026-04-26 11:00,1093.2,13.97,22.77,29.7,790.18,1123.7,38.35,Rising,Normal,12.6,0.0,28.0,32.8,0.0,2.93,19580.0,https://www.screener.in/company/NATCOPHARM/consolidated/,11.03,15.15,49.76,11.03,12.82,13.72,16.14,15.15,14.01,11.26,9.69,1,1,-5.11,5.46,Selling (-5.1% over 4Q),Accumulating (+5.5% over 4Q),2169.05,1735.24,1952.15,1518.34,STRONG BUY,PE Mean Reversion: ₹2169.05 | 52W Low Buffer: ₹908.71,81.5,A+ (Strong Buy),10.0,10.0,10.0,3.0,10.0,10.0,10.0,2.0,7.0,6.0,done
GULFOILLUB.NS,Gulf Oil Lubric.,Miscellaneous,20.0,2026-04-26 11:09,969.5,5.46,-12.11,-17.85,870.2,1261.42,11.41,Falling,Rising,13.1,0.0,25.3,26.8,0.0,8.9,4800.0,https://www.screener.in/company/GULFOILLUB/consolidated/,3.69,6.4,72.0,3.69,4.42,4.98,7.08,6.4,5.77,4.03,5.02,1,0,-3.39,1.38,Selling (-3.4% over 4Q),Stable/Reducing,1480.15,1184.12,1332.14,1036.11,STRONG BUY,PE Mean Reversion: ₹1480.15 | 52W Low Buffer: ₹1000.73,80.0,A+ (Strong Buy),10.0,5.0,8.0,3.0,10.0,10.0,10.0,6.0,10.0,8.0,done
OSWALPUMPS.NS,Oswal Pumps,Engineering,25.0,2026-04-26 11:10,399.75,27.11,-13.5,-45.27,289.85,873.8,37.92,Falling,Normal,13.0,0.0,87.5,77.9,0.0,34.2,4556.0,https://www.screener.in/company/OSWALPUMPS/consolidated/,4.4,9.12,75.67,4.4,3.76,2.64,0.85,9.12,9.78,8.78,6.6,0,0,3.55,2.52,Buying (+3.5% over 4Q),Stable/Reducing,768.75,615.0,691.88,538.12,STRONG BUY,PE Mean Reversion: ₹768.75 | 52W Low Buffer: ₹333.33,78.0,A+ (Strong Buy),2.0,5.0,10.0,3.0,10.0,10.0,10.0,10.0,10.0,6.0,done
CRIZAC.NS,Crizac,Miscellaneous,20.0,2026-04-26 11:11,213.43,5.41,-12.64,-21.74,176.91,362.33,20.64,Falling,Normal,19.2,0.0,36.3,48.0,0.0,16.73,3735.0,https://www.screener.in/company/CRIZAC/consolidated/,2.99,7.05,79.94,2.99,3.74,2.48,2.3,7.05,3.8,3.48,3.48,0,1,0.69,3.57,Buying (+0.7% over 4Q),Accumulating (+3.6% over 4Q),222.32,177.86,200.09,155.62,FAIR VALUE,PE Mean Reversion: ₹222.32 | 52W Low Buffer: ₹203.45,78.0,A+ (Strong Buy),4.0,10.0,6.0,3.0,10.0,10.0,10.0,8.0,10.0,8.0,done
MAITHANALL.NS,Maithan Alloys,Miscellaneous,20.0,2026-04-26 11:13,998.9,6.8,-11.22,-11.19,833.1,1227.86,19.9,Falling,Normal,6.56,0.0,22.0,28.0,0.0,13.71,2908.0,https://www.screener.in/company/MAITHANALL/consolidated/,1.82,0.56,74.98,1.82,1.88,2.14,1.87,0.56,0.52,0.44,0.15,0,1,-0.05,0.41,Stable,Accumulating (+0.4% over 4Q),3045.43,2436.34,2740.89,2131.8,STRONG BUY,PE Mean Reversion: ₹3045.43 | 52W Low Buffer: ₹958.06,78.0,A+ (Strong Buy),4.0,7.0,10.0,3.0,8.0,10.0,10.0,8.0,10.0,8.0,done
RSYSTEMS.NS,R Systems Intl.,IT,28.0,2026-04-26 11:12,267.12,1.12,-29.34,-35.31,233.75,465.09,14.28,Falling,Normal,15.6,0.0,28.7,22.8,0.0,12.4,3165.0,https://www.screener.in/company/RSYSTEMS/consolidated/,0.17,0.71,51.93,0.17,0.19,0.25,0.61,0.71,0.69,0.78,1.03,1,0,-0.44,-0.32,Selling (-0.4% over 4Q),Stable/Reducing,479.45,383.56,431.5,335.61,STRONG BUY,PE Mean Reversion: ₹479.45 | 52W Low Buffer: ₹268.81,77.0,A+ (Strong Buy),7.0,2.0,10.0,3.0,10.0,8.0,10.0,8.0,10.0,8.0,done
ALPEXSOLAR.NS,Alpex Solar,Power,25.0,2026-04-26 11:13,1035.75,34.42,28.31,-5.85,694.35,1356.45,49.17,Rising,Rising,14.3,0.0,47.7,50.5,0.0,140.9,2646.0,https://www.screener.in/company/ALPEXSOLAR/consolidated/,4.86,1.82,68.76,4.86,0.73,1.48,1.67,1.82,0.42,0.26,0.27,0,0,3.19,1.55,Buying (+3.2% over 4Q),Stable/Reducing,1810.75,1448.6,1629.67,1267.52,STRONG BUY,PE Mean Reversion: ₹1810.75 | 52W Low Buffer: ₹798.5,77.0,A+ (Strong Buy),2.0,5.0,10.0,3.0,10.0,10.0,10.0,10.0,10.0,4.0,done
GKENERGY.NS,GK Energy,Power,25.0,2026-04-26 11:14,126.41,22.4,-9.99,-33.05,90.17,233.23,40.19,Stable,Rising,13.6,0.0,101.0,74.3,0.0,45.3,2564.0,https://www.screener.in/company/GKENERGY/consolidated/,1.68,8.64,79.2,1.68,1.02,0.79,0.0,8.64,8.03,8.29,0.0,0,0,1.68,8.64,Buying (+1.7% over 4Q),Stable/Reducing,232.37,185.9,209.13,162.66,STRONG BUY,PE Mean Reversion: ₹232.37 | 52W Low Buffer: ₹103.7,77.0,A+ (Strong Buy),2.0,5.0,10.0,3.0,10.0,10.0,10.0,10.0,10.0,4.0,done
TRANSRAILL.NS,Transrail Light,Miscellaneous,20.0,2026-04-26 11:05,576.0,15.11,18.45,-24.2,452.0,804.37,27.43,Rising,Rising,17.4,0.0,21.6,35.2,0.0,31.18,7733.0,https://www.screener.in/company/TRANSRAILL/consolidated/,1.0,15.15,71.12,1.0,0.61,1.43,1.16,15.15,14.08,12.44,8.41,0,1,-0.16,6.74,Stable,Accumulating (+6.7% over 4Q),662.07,529.66,595.86,463.45,WATCH,PE Mean Reversion: ₹662.07 | 52W Low Buffer: ₹519.8,76.0,A+ (Strong Buy),4.0,10.0,6.0,3.0,8.0,10.0,10.0,10.0,10.0,6.0,done
GOKULAGRO.NS,Gokul Agro,FMCG,45.0,2026-04-26 11:07,226.55,24.79,38.16,21.26,109.97,235.49,106.01,Rising,Normal,22.4,0.0,27.0,34.2,0.0,19.37,6685.0,https://www.screener.in/company/GOKULAGRO/consolidated/,0.05,0.0,72.56,0.05,0.06,0.05,0.76,0.0,0.0,0.0,0.0,0,0,-0.71,0.0,Stable,No data,455.12,364.1,409.61,318.58,STRONG BUY,PE Mean Reversion: ₹455.12 | 52W Low Buffer: ₹126.47,76.0,A+ (Strong Buy),4.0,5.0,10.0,3.0,10.0,10.0,10.0,8.0,10.0,2.0,done
ASHOKA.NS,Ashoka Buildcon,Real Estate,25.0,2026-04-26 11:11,133.05,16.99,-9.71,-30.93,102.13,223.75,30.28,Stable,Rising,3.57,0.0,54.8,39.7,0.0,-17.7,3735.0,https://www.screener.in/company/ASHOKA/consolidated/,2.4,18.64,54.48,2.4,2.97,4.51,7.23,18.64,19.96,19.72,17.63,1,0,-4.83,1.01,Selling (-4.8% over 4Q),Stable/Reducing,931.72,745.38,838.55,652.2,STRONG BUY,PE Mean Reversion: ₹931.72 | 52W Low Buffer: ₹117.45,76.0,A+ (Strong Buy),10.0,5.0,10.0,3.0,10.0,10.0,10.0,0.0,10.0,6.0,done
BALUFORGE.NS,Balu Forge,Miscellaneous,20.0,2026-04-26 11:08,460.1,5.11,0.56,-31.82,356.3,762.73,29.13,Stable,Normal,21.8,0.0,25.4,31.3,0.0,20.45,5585.0,https://www.screener.in/company/BALUFORGE/consolidated/,5.55,0.0,65.41,5.55,6.48,8.77,9.71,0.0,2.0,1.95,1.88,1,0,-4.16,-1.88,Selling (-4.2% over 4Q),Stable/Reducing,422.11,337.69,379.9,295.48,OVERVALUED +9.0%,PE Mean Reversion: ₹422.11 | 52W Low Buffer: ₹409.75,74.0,A  (Buy),10.0,2.0,4.0,3.0,10.0,10.0,10.0,10.0,10.0,6.0,done
ARKADE.NS,Arkade,Miscellaneous,20.0,2026-04-26 11:15,116.09,12.47,-8.29,-32.9,94.83,207.74,22.42,Stable,Rising,14.6,0.0,25.8,30.3,0.0,9.96,2155.0,https://www.screener.in/company/ARKADE/consolidated/,4.29,0.51,70.82,4.29,1.25,0.47,1.23,0.51,0.16,0.14,0.05,0,1,3.06,0.46,Buying (+3.1% over 4Q),Accumulating (+0.5% over 4Q),159.03,127.22,143.13,111.32,BUY,PE Mean Reversion: ₹159.03 | 52W Low Buffer: ₹109.05,74.0,A  (Buy),2.0,7.0,8.0,3.0,10.0,10.0,10.0,6.0,10.0,8.0,done
BNAGROCHEM.NS,BN Agrochem,FMCG,45.0,2026-04-26 11:14,237.15,0.0,0.0,0.0,237.15,246.55,0.0,Stable,Normal,45.9,0.0,26.0,27.4,0.0,176.25,2319.0,https://www.screener.in/company/BNAGROCHEM/consolidated/,0.0,0.0,58.6,0.0,0.0,0.0,0.0,0.0,0.0,0.0,0.0,0,0,0.0,0.0,No data,No data,272.72,218.18,245.45,190.9,WATCH,PE Mean Reversion: ₹232.5 | 52W Low Buffer: ₹272.72,73.0,A  (Buy),4.0,5.0,4.0,3.0,10.0,10.0,10.0,10.0,10.0,10.0,done
ACCELYA.NS,Accelya Solution,IT,28.0,2026-04-26 11:17,1160.3,-1.82,-10.59,-17.83,1024.6,1413.18,13.24,Falling,Normal,15.3,0.0,45.5,53.6,0.0,1.7,1732.0,https://www.screener.in/company/ACCELYA/consolidated/,0.21,0.35,74.66,0.21,0.26,0.27,0.39,0.35,0.38,0.44,0.65,1,0,-0.18,-0.3,Selling (-0.2% over 4Q),Stable/Reducing,2123.42,1698.74,1911.08,1486.39,STRONG BUY,PE Mean Reversion: ₹2123.42 | 52W Low Buffer: ₹1178.29,73.0,A  (Buy),7.0,2.0,10.0,3.0,10.0,10.0,10.0,2.0,10.0,8.0,done
CIGNITITEC.NS,Cigniti Tech.,IT,28.0,2026-04-26 11:12,1136.2,6.36,-31.53,-31.14,1056.3,1910.0,7.56,Falling,Normal,10.2,0.0,26.0,34.1,0.0,9.78,3130.0,https://www.screener.in/company/CIGNITITEC/consolidated/,6.22,0.0,34.59,6.22,6.32,6.04,6.06,0.0,0.17,0.07,0.09,0,0,0.16,-0.09,Buying (+0.2% over 4Q),Stable/Reducing,3118.98,2495.18,2807.08,2183.29,STRONG BUY,PE Mean Reversion: ₹3118.98 | 52W Low Buffer: ₹1214.74,72.5,A  (Buy),4.0,2.0,10.0,3.0,10.0,10.0,10.0,6.0,5.0,10.0,done
SOLARWORLD.NS,Solarworld Ene.,Power,25.0,2026-04-26 11:17,195.13,22.19,-29.16,-41.24,142.55,338.4,36.89,Falling,Rising,20.9,0.0,40.2,40.4,0.0,76.33,1691.0,https://www.screener.in/company/SOLARWORLD/consolidated/,3.4,11.8,65.67,3.4,1.49,1.23,0.0,11.8,11.2,11.41,0.0,0,0,3.4,11.8,Buying (+3.4% over 4Q),Stable/Reducing,233.41,186.73,210.07,163.39,WATCH,PE Mean Reversion: ₹233.41 | 52W Low Buffer: ₹163.93,72.0,A  (Buy),2.0,5.0,6.0,3.0,10.0,10.0,10.0,10.0,10.0,6.0,done
SANOFI.NS,Sanofi Consumer,FMCG,45.0,2026-04-26 11:04,3427.6,2.6,-13.61,-25.11,3148.16,6265.49,8.88,Falling,Rising,17.9,0.0,47.1,49.2,0.0,0.85,7894.0,https://www.screener.in/company/SANOFI/consolidated/,6.72,19.65,60.4,6.72,6.8,6.31,6.11,19.65,21.68,22.51,22.88,0,0,0.61,-3.23,Buying (+0.6% over 4Q),Stable/Reducing,8616.87,6893.5,7755.18,6031.81,STRONG BUY,PE Mean Reversion: ₹8616.87 | 52W Low Buffer: ₹3620.38,71.0,A  (Buy),4.0,2.0,10.0,3.0,10.0,10.0,10.0,2.0,10.0,10.0,done
PACEDIGITK.NS,Pace Digitek,IT,28.0,2026-04-26 11:11,173.09,5.31,-1.0,-22.92,141.72,227.93,22.14,Stable,Rising,14.9,0.0,31.4,41.3,0.0,-8.65,3736.0,https://www.screener.in/company/PACEDIGITK/consolidated/,2.31,5.18,69.52,2.31,0.56,0.0,0.0,5.18,5.99,0.0,0.0,0,0,2.31,5.18,Buying (+2.3% over 4Q),Stable/Reducing,325.27,260.22,292.74,227.69,STRONG BUY,PE Mean Reversion: ₹325.27 | 52W Low Buffer: ₹162.98,69.0,A  (Buy),2.0,5.0,10.0,3.0,10.0,10.0,10.0,0.0,10.0,8.0,done
MPSLTD.NS,MPS,Miscellaneous,20.0,2026-04-26 11:13,1612.2,7.05,-14.44,-27.88,1366.7,2853.55,17.96,Falling,Normal,16.8,0.0,30.5,40.9,0.0,2.48,2758.0,https://www.screener.in/company/MPSLTD/consolidated/,3.85,0.6,68.34,3.85,3.8,3.71,3.7,0.6,0.6,0.56,0.48,0,1,0.15,0.12,Buying (+0.1% over 4Q),Accumulating (+0.1% over 4Q),1919.29,1535.43,1727.36,1343.5,WATCH,PE Mean Reversion: ₹1919.29 | 52W Low Buffer: ₹1571.7,69.0,A  (Buy),4.0,7.0,6.0,3.0,10.0,10.0,10.0,2.0,10.0,8.0,done
POWERICA.NS,Powerica Ltd,Power,25.0,2026-04-26 11:08,449.45,0.0,0.0,0.0,390.0,469.45,15.24,Stable,Normal,25.3,0.0,15.7,21.6,0.0,20.05,5688.0,https://www.screener.in/company/POWERICA/consolidated/,4.76,15.37,77.18,4.76,0.0,0.0,0.0,15.37,0.0,0.0,0.0,0,1,4.76,15.37,Buying (+4.8% over 4Q),Accumulating (+15.4% over 4Q),448.5,358.8,403.65,313.95,OVERVALUED +0.2%,PE Mean Reversion: ₹444.12 | 52W Low Buffer: ₹448.5,67.0,A  (Buy),2.0,10.0,4.0,3.0,6.0,8.0,10.0,10.0,10.0,8.0,done
SAKSOFT.NS,Saksoft,Miscellaneous,20.0,2026-04-26 11:16,138.17,15.56,-24.93,-28.79,109.69,246.96,25.96,Falling,Normal,14.0,0.0,18.9,24.0,0.0,13.02,1831.0,https://www.screener.in/company/SAKSOFT/consolidated/,4.72,0.0,66.86,4.72,3.96,3.93,4.0,0.0,0.0,0.03,0.0,0,0,0.72,0.0,Buying (+0.7% over 4Q),Stable/Reducing,197.39,157.91,177.65,138.17,STRONG BUY,PE Mean Reversion: ₹197.39 | 52W Low Buffer: ₹126.14,67.0,A  (Buy),4.0,5.0,8.0,3.0,6.0,8.0,10.0,8.0,10.0,6.0,done
EXPLEOSOL.NS,Expleo Solutions,IT,28.0,2026-04-26 11:19,803.75,11.59,-14.32,-19.14,646.9,1333.0,24.25,Falling,Rising,10.6,0.0,16.3,21.5,0.0,5.17,1247.0,https://www.screener.in/company/EXPLEOSOL/consolidated/,0.15,2.92,71.05,0.15,0.0,0.03,0.04,2.92,2.73,3.26,2.37,0,0,0.11,0.55,Buying (+0.1% over 4Q),Stable/Reducing,2123.11,1698.49,1910.8,1486.18,STRONG BUY,PE Mean Reversion: ₹2123.11 | 52W Low Buffer: ₹743.93,67.0,A  (Buy),4.0,5.0,10.0,3.0,6.0,8.0,10.0,4.0,10.0,8.0,done
MARSONS.NS,Marsons,Miscellaneous,20.0,2026-04-26 11:13,161.04,20.21,0.0,0.0,122.97,168.59,30.96,Stable,Rising,84.6,0.0,36.5,33.8,0.0,24.4,2772.0,https://www.screener.in/company/MARSONS/consolidated/,0.0,0.0,66.9,0.0,0.0,0.0,0.0,0.0,0.0,0.0,0.0,0,0,0.0,0.0,No data,No data,141.42,113.14,127.28,98.99,OVERVALUED +13.9%,PE Mean Reversion: ₹38.07 | 52W Low Buffer: ₹141.42,66.5,A  (Buy),4.0,5.0,1.0,3.0,10.0,10.0,10.0,10.0,10.0,6.0,done
WAAREEENER.NS,Waaree Renewab.,Power,25.0,2026-04-26 11:03,3305.7,4.42,29.13,-0.78,2419.0,3737.7,36.66,Rising,Normal,27.3,0.0,27.4,34.9,0.0,52.73,95089.0,https://www.screener.in/company/WAAREEENER/consolidated/,1.4,2.7,64.31,1.4,0.7,2.68,6.35,2.7,2.46,2.86,2.82,0,0,-4.95,-0.12,Stable,Stable/Reducing,3027.2,2421.76,2724.48,2119.04,OVERVALUED +9.2%,PE Mean Reversion: ₹3027.2 | 52W Low Buffer: ₹2781.85,66.0,A  (Buy),2.0,2.0,4.0,3.0,10.0,10.0,10.0,10.0,10.0,6.0,done
BFUTILITIE.NS,BF Utilities,Miscellaneous,20.0,2026-04-26 11:15,569.9,35.11,-3.89,-29.72,371.7,857.65,53.32,Stable,Rising,14.1,0.0,113.0,29.9,0.0,-13.62,2146.0,https://www.screener.in/company/BFUTILITIE/consolidated/,0.39,0.09,56.74,0.39,0.94,0.78,0.88,0.09,0.13,0.09,0.09,0,0,-0.49,0.0,Stable,Stable/Reducing,808.37,646.7,727.53,565.86,BUY,PE Mean Reversion: ₹808.37 | 52W Low Buffer: ₹427.45,66.0,A  (Buy),4.0,5.0,8.0,3.0,10.0,10.0,10.0,0.0,10.0,4.0,done
IEX.NS,Indian Energy Ex,Power,25.0,2026-04-26 11:03,123.23,2.24,-10.52,-10.84,114.75,207.52,7.39,Falling,Rising,22.3,0.0,39.4,51.4,0.0,14.71,10988.0,https://www.screener.in/company/IEX/consolidated/,17.28,21.11,0.0,17.28,14.12,13.37,10.89,21.11,22.61,26.34,27.24,0,0,6.39,-6.13,Buying (+6.4% over 4Q),Stable/Reducing,138.15,110.52,124.34,96.7,WATCH,PE Mean Reversion: ₹138.15 | 52W Low Buffer: ₹131.96,65.5,A  (Buy),2.0,2.0,6.0,3.0,10.0,10.0,10.0,8.0,3.0,10.0,done
EUROPRATIK.NS,Euro Pratik Sale,Miscellaneous,20.0,2026-04-26 11:13,266.84,24.42,-0.59,1.57,210.15,381.47,26.98,Stable,Normal,37.2,0.0,39.4,49.5,0.0,10.56,2727.0,https://www.screener.in/company/EUROPRATIK/consolidated/,1.66,5.36,70.09,1.66,1.57,0.49,0.0,5.36,5.01,4.61,0.0,0,1,1.66,5.36,Buying (+1.7% over 4Q),Accumulating (+5.4% over 4Q),241.67,193.34,217.5,169.17,OVERVALUED +10.4%,PE Mean Reversion: ₹143.46 | 52W Low Buffer: ₹241.67,65.5,A  (Buy),2.0,10.0,1.0,3.0,10.0,10.0,10.0,6.0,10.0,6.0,done
DPABHUSHAN.NS,D.P. Abhushan,Miscellaneous,20.0,2026-04-26 11:14,1114.85,8.71,-21.92,-21.87,943.2,1683.3,18.2,Falling,Normal,62.8,0.0,34.5,24.4,0.0,42.22,2545.0,https://www.screener.in/company/DPABHUSHAN/consolidated/,0.0,0.0,75.0,0.0,0.0,0.0,0.0,0.0,0.0,0.0,0.0,0,0,0.0,0.0,No data,No data,1084.68,867.74,976.21,759.28,OVERVALUED +2.8%,PE Mean Reversion: ₹355.05 | 52W Low Buffer: ₹1084.68,65.5,A  (Buy),4.0,5.0,1.0,3.0,10.0,8.0,10.0,10.0,10.0,8.0,done
3BBLACKBIO.NS,3B Blackbio,Miscellaneous,20.0,2026-04-26 11:19,1322.35,0.0,0.0,0.0,1291.8,1388.05,2.36,Stable,Normal,19.8,0.0,19.4,25.8,0.0,34.38,1135.0,https://www.screener.in/company/3BBLACKBIO/consolidated/,3.06,0.0,38.43,3.06,3.16,3.38,2.97,0.0,0.82,1.18,1.89,0,0,0.09,-1.89,Buying (+0.1% over 4Q),Stable/Reducing,1485.57,1188.46,1337.01,1039.9,WATCH,PE Mean Reversion: ₹1335.71 | 52W Low Buffer: ₹1485.57,65.5,A  (Buy),4.0,2.0,6.0,3.0,6.0,10.0,10.0,10.0,7.0,10.0,done
TDPOWERSYS.NS,TD Power Systems,IT,28.0,2026-04-26 11:00,1112.85,28.91,64.11,85.58,397.34,1112.85,180.08,Rising,Rising,79.2,0.0,22.3,30.4,0.0,26.27,17384.0,https://www.screener.in/company/TDPOWERSYS/consolidated/,2.61,16.33,58.43,2.61,10.11,11.35,12.85,16.33,33.14,32.81,32.36,1,0,-10.24,-16.03,Selling (-10.2% over 4Q),Stable/Reducing,456.94,365.55,411.25,319.86,OVERVALUED +143.5%,PE Mean Reversion: ₹393.43 | 52W Low Buffer: ₹456.94,64.5,A  (Buy),10.0,2.0,1.0,3.0,8.0,10.0,10.0,10.0,10.0,2.0,done
VADILALIND.NS,Vadilal Inds.,Miscellaneous,20.0,2026-04-26 11:12,4432.6,-2.19,-3.11,-16.95,4037.6,7318.3,9.78,Stable,Normal,26.1,0.0,24.0,25.1,0.0,9.85,3187.0,https://www.screener.in/company/VADILALIND/consolidated/,0.03,0.0,64.72,0.03,0.09,0.09,0.45,0.0,0.0,0.0,0.0,1,0,-0.42,0.0,Selling (-0.4% over 4Q),No data,4643.24,3714.59,4178.92,3250.27,FAIR VALUE,PE Mean Reversion: ₹3396.63 | 52W Low Buffer: ₹4643.24,64.5,A  (Buy),7.0,5.0,1.0,3.0,8.0,10.0,10.0,6.0,10.0,10.0,done
MGL.NS,Mahanagar Gas,Miscellaneous,20.0,2026-04-26 11:03,1130.15,16.86,8.93,-11.81,908.4,1506.19,24.41,Stable,Normal,11.6,0.0,17.7,22.7,0.0,12.31,11163.0,https://www.screener.in/company/MGL/consolidated/,32.38,15.15,32.5,32.38,30.51,30.85,30.54,15.15,16.1,17.23,17.4,0,0,1.84,-2.25,Buying (+1.8% over 4Q),Stable/Reducing,1948.53,1558.82,1753.68,1363.97,STRONG BUY,PE Mean Reversion: ₹1948.53 | 52W Low Buffer: ₹1044.66,63.5,A  (Buy),2.0,2.0,10.0,3.0,6.0,8.0,10.0,8.0,5.0,8.0,done
SKYGOLD.NS,Sky Gold & Diam.,Miscellaneous,20.0,2026-04-26 11:07,412.55,19.01,27.06,20.4,258.8,429.7,59.41,Rising,Normal,27.9,0.0,25.5,21.2,0.0,53.38,6389.0,https://www.screener.in/company/SKYGOLD/consolidated/,0.01,0.0,73.55,0.01,0.0,0.13,0.04,0.0,0.0,0.02,0.0,0,0,-0.03,0.0,Stable,Stable/Reducing,297.62,238.1,267.86,208.33,OVERVALUED +38.6%,PE Mean Reversion: ₹295.73 | 52W Low Buffer: ₹297.62,63.5,A  (Buy),4.0,5.0,1.0,3.0,10.0,8.0,10.0,10.0,10.0,4.0,done
EPIGRAL.NS,Epigral,Miscellaneous,20.0,2026-04-26 11:08,1202.85,42.23,2.47,-29.77,810.45,2088.7,48.42,Stable,Normal,15.4,0.0,22.6,25.1,0.0,-5.14,5189.0,https://www.screener.in/company/EPIGRAL/consolidated/,1.16,0.04,71.37,1.16,1.14,1.17,1.36,0.04,0.04,0.05,0.02,0,0,-0.2,0.02,Stable,Stable/Reducing,1562.14,1249.71,1405.93,1093.5,BUY,PE Mean Reversion: ₹1562.14 | 52W Low Buffer: ₹932.02,63.0,A  (Buy),4.0,5.0,8.0,3.0,8.0,10.0,10.0,0.0,10.0,4.0,done
KPITTECH.NS,KPIT Technologi.,IT,28.0,2026-04-26 11:00,709.6,7.36,-39.7,-38.37,631.95,1411.63,12.29,Falling,Normal,25.6,0.0,32.5,40.0,0.0,7.36,19453.0,https://www.screener.in/company/KPITTECH/consolidated/,25.91,11.78,39.47,25.91,25.69,26.48,23.98,11.78,12.25,11.6,14.0,0,0,1.93,-2.22,Buying (+1.9% over 4Q),Stable/Reducing,776.12,620.9,698.51,543.28,FAIR VALUE,PE Mean Reversion: ₹776.12 | 52W Low Buffer: ₹726.74,62.5,A  (Buy),2.0,2.0,6.0,3.0,10.0,10.0,10.0,4.0,7.0,8.0,done
GHCL.NS,GHCL,Miscellaneous,20.0,2026-04-26 11:10,495.65,14.35,-10.12,-21.51,422.0,656.55,17.45,Falling,Normal,8.99,0.0,18.6,24.2,0.0,-4.02,4557.0,https://www.screener.in/company/GHCL/consolidated/,26.04,10.78,19.06,26.04,25.27,24.66,24.99,10.78,9.68,8.6,8.29,0,1,1.05,2.49,Buying (+1.1% over 4Q),Accumulating (+2.5% over 4Q),1102.67,882.14,992.4,771.87,STRONG BUY,PE Mean Reversion: ₹1102.67 | 52W Low Buffer: ₹485.3,62.5,A  (Buy),2.0,10.0,10.0,3.0,6.0,8.0,10.0,0.0,3.0,8.0,done
VIDYAWIRES.NS,Vidya Wires,Miscellaneous,20.0,2026-04-26 11:16,82.72,52.65,69.09,0.0,44.87,82.72,84.35,Rising,Rising,38.7,0.0,27.8,24.2,0.0,25.3,1759.0,https://www.screener.in/company/VIDYAWIRES/consolidated/,0.68,9.53,72.8,0.68,1.11,0.0,0.0,9.53,10.46,0.0,0.0,0,0,0.68,9.53,Buying (+0.7% over 4Q),Stable/Reducing,51.6,41.28,46.44,36.12,OVERVALUED +60.3%,PE Mean Reversion: ₹42.75 | 52W Low Buffer: ₹51.6,62.5,A  (Buy),4.0,5.0,1.0,3.0,10.0,8.0,10.0,10.0,10.0,2.0,done
TRAVELFOOD.NS,Travel Food,FMCG,45.0,2026-04-26 11:01,1285.2,14.92,12.56,-4.4,1017.3,1388.8,26.33,Rising,Normal,40.0,0.0,37.6,40.6,0.0,-7.94,16923.0,https://www.screener.in/company/TRAVELFOOD/consolidated/,2.77,8.03,86.19,2.77,2.39,1.55,0.0,8.03,8.84,9.71,0.0,0,0,2.77,8.03,Buying (+2.8% over 4Q),Stable/Reducing,1445.85,1156.68,1301.26,1012.09,WATCH,PE Mean Reversion: ₹1445.85 | 52W Low Buffer: ₹1169.89,62.0,A  (Buy),2.0,5.0,6.0,3.0,10.0,10.0,10.0,0.0,10.0,6.0,done
POWERMECH.NS,Power Mech Proj.,Power,25.0,2026-04-26 11:06,2408.5,20.79,6.58,-9.84,1732.8,3354.74,38.99,Stable,Rising,22.5,0.0,16.3,22.9,0.0,10.89,7615.0,https://www.screener.in/company/POWERMECH/consolidated/,3.57,13.47,64.12,3.57,4.16,4.24,4.98,13.47,14.53,18.57,19.44,1,0,-1.41,-5.97,Selling (-1.4% over 4Q),Stable/Reducing,2676.11,2140.89,2408.5,1873.28,WATCH,PE Mean Reversion: ₹2676.11 | 52W Low Buffer: ₹1992.72,62.0,A  (Buy),7.0,2.0,6.0,3.0,6.0,8.0,10.0,6.0,10.0,6.0,done
SHAKTIPUMP.NS,Shakti Pumps,Engineering,25.0,2026-04-26 11:07,545.25,9.83,-23.29,-33.02,459.95,1007.45,18.55,Falling,Normal,20.4,0.0,42.6,55.3,0.0,-0.44,6728.0,https://www.screener.in/company/SHAKTIPUMP/consolidated/,0.39,0.15,56.22,0.39,0.64,0.49,0.77,0.15,0.22,0.31,8.68,0,0,-0.38,-8.53,Stable,Stable/Reducing,668.2,534.56,601.38,467.74,WATCH,PE Mean Reversion: ₹668.2 | 52W Low Buffer: ₹528.94,62.0,A  (Buy),4.0,2.0,6.0,3.0,10.0,10.0,10.0,0.0,10.0,8.0,done
NBCC.NS,NBCC,Miscellaneous,20.0,2026-04-26 10:59,93.2,11.07,-11.28,-17.02,77.52,127.87,20.23,Falling,Normal,37.9,0.0,25.5,33.2,0.0,7.73,25164.0,https://www.screener.in/company/NBCC/consolidated/,3.84,10.33,61.75,3.84,4.14,4.46,4.33,10.33,10.21,10.41,9.94,0,0,-0.49,0.39,Stable,Stable/Reducing,89.15,71.32,80.24,62.41,OVERVALUED +4.5%,PE Mean Reversion: ₹49.18 | 52W Low Buffer: ₹89.15,61.5,A  (Buy),4.0,5.0,1.0,3.0,10.0,10.0,10.0,4.0,10.0,8.0,done
ZENSARTECH.NS,Zensar Tech.,IT,28.0,2026-04-26 11:02,536.0,-5.12,-24.22,-32.65,514.55,864.99,4.17,Falling,Normal,15.4,0.0,18.1,23.5,0.0,7.69,12190.0,https://www.screener.in/company/ZENSARTECH/consolidated/,12.59,17.3,49.21,12.59,16.66,17.12,16.53,17.3,16.55,16.45,17.53,0,0,-3.94,-0.23,Stable,Stable/Reducing,974.55,779.64,877.1,682.18,STRONG BUY,PE Mean Reversion: ₹974.55 | 52W Low Buffer: ₹591.73,61.5,A  (Buy),2.0,2.0,10.0,3.0,6.0,8.0,10.0,4.0,7.0,10.0,done
ICRA.NS,ICRA,Miscellaneous,20.0,2026-04-26 11:08,5402.5,3.82,-10.17,-14.05,5003.0,6942.08,7.99,Falling,Rising,27.6,0.0,16.8,23.1,0.0,12.65,5214.0,https://www.screener.in/company/ICRA/consolidated/,7.71,24.3,51.86,7.71,8.15,8.22,8.42,24.3,23.98,24.21,24.05,1,0,-0.71,0.25,Selling (-0.7% over 4Q),Stable/Reducing,5753.45,4602.76,5178.1,4027.41,FAIR VALUE,PE Mean Reversion: ₹3914.86 | 52W Low Buffer: ₹5753.45,61.5,A  (Buy),7.0,5.0,1.0,3.0,6.0,8.0,10.0,8.0,10.0,10.0,done
NESCO.NS,NESCO,Miscellaneous,20.0,2026-04-26 11:05,1168.6,10.73,0.45,-16.05,903.01,1578.1,29.41,Stable,Normal,20.2,0.0,15.8,21.1,0.0,19.13,8234.0,https://www.screener.in/company/NESCO/consolidated/,2.09,3.81,68.54,2.09,2.79,3.02,3.5,3.81,4.07,4.14,3.99,1,0,-1.41,-0.18,Selling (-1.4% over 4Q),Stable/Reducing,1157.03,925.62,1041.33,809.92,OVERVALUED +1.0%,PE Mean Reversion: ₹1157.03 | 52W Low Buffer: ₹1038.46,61.0,A  (Buy),7.0,2.0,4.0,3.0,6.0,8.0,10.0,8.0,10.0,6.0,done
JSWDULUX.NS,JSW Dulux,Miscellaneous,20.0,2026-04-26 11:02,2947.8,0.0,0.0,0.0,2895.6,2999.0,1.8,Stable,Normal,35.5,0.0,32.3,41.6,0.0,-8.09,13424.0,https://www.screener.in/company/JSWDULUX/consolidated/,3.15,8.75,74.76,3.15,3.14,3.2,3.42,8.75,8.61,8.56,8.36,0,1,-0.27,0.39,Stable,Accumulating (+0.4% over 4Q),3329.94,2663.95,2996.95,2330.96,WATCH,PE Mean Reversion: ₹1660.73 | 52W Low Buffer: ₹3329.94,60.5,A  (Buy),4.0,7.0,1.0,3.0,10.0,10.0,10.0,0.0,10.0,10.0,done
TATAELXSI.NS,Tata Elxsi,Miscellaneous,20.0,2026-04-26 10:59,4193.0,-1.05,-23.83,-22.46,3976.6,6630.0,5.44,Falling,Normal,256.0,0.0,39.3,60.0,0.0,9.55,26121.0,https://www.screener.in/company/TATAELXSI/consolidated/,14.22,4.08,43.92,14.22,13.8,15.02,14.56,4.08,4.8,5.71,6.06,0,0,-0.34,-1.98,Stable,Stable/Reducing,4573.09,3658.47,4115.78,3201.16,FAIR VALUE,PE Mean Reversion: ₹327.58 | 52W Low Buffer: ₹4573.09,60.0,A  (Buy),4.0,2.0,1.0,3.0,10.0,10.0,10.0,6.0,7.0,10.0,done
DBCORP.NS,D B Corp,Miscellaneous,20.0,2026-04-26 11:11,215.52,3.81,-11.22,-18.65,185.96,281.85,15.9,Falling,Rising,11.9,0.0,16.7,21.1,0.0,-0.51,3842.0,https://www.screener.in/company/DBCORP/consolidated/,12.51,4.21,71.97,12.51,13.02,13.35,13.34,4.21,4.35,4.63,4.74,0,0,-0.83,-0.53,Stable,Stable/Reducing,362.22,289.78,326.0,253.55,STRONG BUY,PE Mean Reversion: ₹362.22 | 52W Low Buffer: ₹213.85,60.0,A  (Buy),4.0,2.0,10.0,3.0,6.0,8.0,10.0,0.0,10.0,8.0,done
NUCLEUS.NS,Nucleus Soft.,Miscellaneous,20.0,2026-04-26 11:15,773.9,-4.65,-14.96,-22.94,722.7,1318.45,7.08,Falling,Normal,12.6,0.0,16.8,22.6,0.0,5.77,2037.0,https://www.screener.in/company/NUCLEUS/consolidated/,3.99,0.34,73.26,3.99,3.69,5.02,5.65,0.34,0.59,1.65,1.9,0,0,-1.66,-1.56,Stable,Stable/Reducing,1228.41,982.73,1105.57,859.89,STRONG BUY,PE Mean Reversion: ₹1228.41 | 52W Low Buffer: ₹831.11,60.0,A  (Buy),2.0,2.0,8.0,3.0,6.0,8.0,10.0,4.0,10.0,10.0,done
NDRAUTO.NS,NDR Auto Compon.,Automobiles,25.0,2026-04-26 11:17,723.25,6.12,-2.12,-27.22,610.8,1171.6,18.41,Stable,Normal,28.4,0.0,19.1,22.8,0.0,10.24,1720.0,https://www.screener.in/company/NDRAUTO/consolidated/,0.0,0.0,73.95,0.0,0.01,0.01,0.0,0.0,0.0,0.0,0.0,0,0,0.0,0.0,Stable,No data,702.42,561.94,632.18,491.69,OVERVALUED +3.0%,PE Mean Reversion: ₹636.66 | 52W Low Buffer: ₹702.42,60.0,A  (Buy),4.0,5.0,4.0,3.0,6.0,8.0,10.0,6.0,10.0,8.0,done
BLUEJET.NS,Blue Jet Health,Healthcare,25.0,2026-04-26 11:06,403.35,12.68,-17.78,-40.49,327.25,1008.43,23.25,Falling,Normal,49.6,0.0,52.1,57.3,0.0,-7.25,6997.0,https://www.screener.in/company/BLUEJET/consolidated/,2.93,3.7,86.0,2.93,2.01,2.02,2.18,3.7,3.04,2.14,1.75,0,1,0.75,1.95,Buying (+0.8% over 4Q),Accumulating (+1.9% over 4Q),376.34,301.07,338.71,263.44,OVERVALUED +7.2%,PE Mean Reversion: ₹203.3 | 52W Low Buffer: ₹376.34,59.5,B  (Watch),4.0,7.0,1.0,3.0,10.0,10.0,10.0,0.0,10.0,8.0,done
AMRUTANJAN.NS,Amrutanjan Healt,Miscellaneous,20.0,2026-04-26 11:17,576.55,11.83,-5.54,-17.95,493.65,763.43,16.79,Stable,Rising,81.8,0.0,20.0,31.4,0.0,12.03,1667.0,https://www.screener.in/company/AMRUTANJAN/consolidated/,0.69,7.22,50.03,0.69,0.75,0.8,1.38,7.22,7.1,7.24,7.29,1,0,-0.69,-0.07,Selling (-0.7% over 4Q),Stable/Reducing,567.7,454.16,510.93,397.39,OVERVALUED +1.6%,PE Mean Reversion: ₹140.97 | 52W Low Buffer: ₹567.7,59.5,B  (Watch),7.0,2.0,1.0,3.0,6.0,10.0,10.0,8.0,10.0,8.0,done
ANANDRATHI.NS,Anand Rathi Wea.,Finance,18.0,2026-04-26 10:58,3580.9,19.23,16.1,21.55,1672.26,3689.8,114.14,Rising,Rising,75.1,0.0,47.3,59.2,0.0,17.24,29729.0,https://www.screener.in/company/ANANDRATHI/consolidated/,2.11,9.72,48.75,2.11,1.84,3.01,4.86,9.72,10.26,9.16,8.78,0,0,-2.75,0.94,Stable,Stable/Reducing,1923.1,1538.48,1730.79,1346.17,OVERVALUED +86.2%,PE Mean Reversion: ₹858.27 | 52W Low Buffer: ₹1923.1,59.0,B  (Watch),2.0,5.0,1.0,3.0,10.0,10.0,10.0,8.0,7.0,2.0,done
CAMS.NS,Cams Services,Miscellaneous,20.0,2026-04-26 11:00,760.8,18.75,6.02,-0.61,622.45,844.78,22.23,Stable,Normal,40.7,0.0,43.9,53.6,0.0,3.87,18867.0,https://www.screener.in/company/CAMS/consolidated/,35.78,11.69,19.91,35.78,38.61,47.69,53.78,11.69,16.05,23.07,19.91,1,0,-18.0,-8.22,Selling (-18.0% over 4Q),Stable/Reducing,715.82,572.66,644.24,501.07,OVERVALUED +6.3%,PE Mean Reversion: ₹373.86 | 52W Low Buffer: ₹715.82,59.0,B  (Watch),10.0,2.0,1.0,3.0,10.0,10.0,10.0,2.0,3.0,8.0,done
PRICOLLTD.NS,Pricol Ltd,Miscellaneous,20.0,2026-04-26 11:06,594.65,11.45,-2.6,15.13,414.74,683.05,43.38,Stable,Normal,34.1,0.0,17.6,22.9,0.0,37.85,7248.0,https://www.screener.in/company/PRICOLLTD/consolidated/,2.89,5.58,38.51,2.89,3.96,6.5,14.39,5.58,5.59,6.92,16.59,1,0,-11.5,-11.01,Selling (-11.5% over 4Q),Stable/Reducing,476.95,381.56,429.25,333.86,OVERVALUED +24.7%,PE Mean Reversion: ₹348.77 | 52W Low Buffer: ₹476.95,59.0,B  (Watch),10.0,2.0,1.0,3.0,6.0,8.0,10.0,10.0,7.0,4.0,done
REDTAPE.NS,Redtape,Miscellaneous,20.0,2026-04-26 11:06,127.19,8.52,1.21,-5.76,109.76,161.12,15.88,Stable,Normal,33.1,0.0,23.6,21.7,0.0,11.23,7031.0,https://www.screener.in/company/REDTAPE/consolidated/,2.22,6.44,71.77,2.22,2.74,3.1,3.17,6.44,7.3,7.86,8.89,1,0,-0.95,-2.45,Selling (-0.9% over 4Q),Stable/Reducing,126.22,100.98,113.6,88.35,OVERVALUED +0.8%,PE Mean Reversion: ₹76.85 | 52W Low Buffer: ₹126.22,58.5,B  (Watch),7.0,2.0,1.0,3.0,8.0,8.0,10.0,6.0,10.0,8.0,done
TBOTEK.NS,TBO Tek,Miscellaneous,20.0,2026-04-26 11:02,1243.4,16.41,-19.97,-20.38,1013.5,1730.7,22.68,Falling,Rising,57.8,0.0,24.6,26.7,0.0,32.93,13502.0,https://www.screener.in/company/TBOTEK/consolidated/,42.79,6.61,44.4,42.79,43.06,38.05,31.61,6.61,6.59,11.78,17.88,0,0,11.18,-11.27,Buying (+11.2% over 4Q),Stable/Reducing,1165.52,932.42,1048.97,815.86,OVERVALUED +6.7%,PE Mean Reversion: ₹430.24 | 52W Low Buffer: ₹1165.52,58.0,B  (Watch),2.0,2.0,1.0,3.0,8.0,10.0,10.0,10.0,7.0,8.0,done
GABRIEL.NS,Gabriel India,Miscellaneous,20.0,2026-04-26 11:01,973.0,12.75,4.32,-23.32,537.04,1314.83,81.18,Stable,Normal,53.7,0.0,22.2,28.4,0.0,11.49,13977.0,https://www.screener.in/company/GABRIEL/consolidated/,2.69,10.96,55.0,2.69,3.04,4.08,4.43,10.96,11.72,12.16,12.0,1,0,-1.74,-1.04,Selling (-1.7% over 4Q),Stable/Reducing,617.6,494.08,555.84,432.32,OVERVALUED +57.5%,PE Mean Reversion: ₹362.38 | 52W Low Buffer: ₹617.6,57.5,B  (Watch),7.0,2.0,1.0,3.0,8.0,10.0,10.0,6.0,10.0,2.0,done
PRUDENT.NS,Prudent Corp.,Finance,18.0,2026-04-26 11:02,2804.9,25.41,16.91,4.18,2162.2,3063.1,29.72,Rising,Normal,54.1,0.0,34.0,44.1,0.0,9.44,11614.0,https://www.screener.in/company/PRUDENT/consolidated/,1.42,9.23,58.43,1.42,3.81,3.77,12.11,9.23,15.67,15.75,15.69,0,0,-10.69,-6.46,Stable,Stable/Reducing,2486.53,1989.22,2237.88,1740.57,OVERVALUED +12.8%,PE Mean Reversion: ₹933.24 | 52W Low Buffer: ₹2486.53,57.5,B  (Watch),2.0,2.0,1.0,3.0,10.0,10.0,10.0,6.0,10.0,6.0,done
ACE.NS,Action Const.Eq.,Miscellaneous,20.0,2026-04-26 11:03,907.25,9.42,3.74,-15.13,748.95,1352.32,21.14,Stable,Rising,25.6,0.0,28.6,40.1,0.0,-3.46,10804.0,https://www.screener.in/company/ACE/consolidated/,6.51,3.45,66.76,6.51,8.96,8.81,9.35,3.45,2.79,2.61,2.21,0,1,-2.84,1.24,Stable,Accumulating (+1.2% over 4Q),861.29,689.03,775.16,602.9,OVERVALUED +5.3%,PE Mean Reversion: ₹708.79 | 52W Low Buffer: ₹861.29,57.5,B  (Watch),2.0,7.0,1.0,3.0,10.0,10.0,10.0,0.0,10.0,8.0,done
SYMPHONY.NS,Symphony,Miscellaneous,20.0,2026-04-26 11:08,794.7,3.01,-11.92,-10.83,688.3,1306.65,15.46,Falling,Normal,33.4,0.0,32.4,36.8,0.0,-38.2,5457.0,https://www.screener.in/company/SYMPHONY/consolidated/,3.62,10.69,73.38,3.62,3.81,3.4,3.32,10.69,10.44,11.03,10.27,0,0,0.3,0.42,Buying (+0.3% over 4Q),Stable/Reducing,791.54,633.23,712.39,554.08,OVERVALUED +0.4%,PE Mean Reversion: ₹475.87 | 52W Low Buffer: ₹791.54,57.5,B  (Watch),4.0,5.0,1.0,3.0,10.0,10.0,10.0,0.0,10.0,8.0,done
CARRARO.NS,Carraro India,Miscellaneous,20.0,2026-04-26 11:12,543.75,23.03,2.93,18.17,327.92,594.85,65.82,Stable,Rising,25.9,0.0,21.1,22.7,0.0,15.76,3091.0,https://www.screener.in/company/CARRARO/consolidated/,3.52,17.53,68.77,3.52,4.02,3.69,3.59,17.53,17.03,16.62,17.05,0,0,-0.07,0.48,Stable,Stable/Reducing,419.88,335.9,377.89,293.92,OVERVALUED +29.5%,PE Mean Reversion: ₹419.88 | 52W Low Buffer: ₹377.11,57.5,B  (Watch),4.0,5.0,1.0,3.0,8.0,8.0,10.0,8.0,10.0,2.0,done
GRAVITA.NS,Gravita India,Miscellaneous,20.0,2026-04-26 11:03,1568.0,11.59,-2.81,-4.53,1295.1,2113.3,21.07,Stable,Rising,30.3,0.0,21.2,21.5,0.0,6.75,11573.0,https://www.screener.in/company/GRAVITA/consolidated/,9.32,0.39,66.48,9.32,9.99,10.58,11.08,0.39,0.42,0.43,0.43,1,0,-1.76,-0.04,Selling (-1.8% over 4Q),Stable/Reducing,1489.36,1191.49,1340.42,1042.55,OVERVALUED +5.3%,PE Mean Reversion: ₹1034.98 | 52W Low Buffer: ₹1489.36,56.5,B  (Watch),7.0,2.0,1.0,3.0,8.0,8.0,10.0,4.0,10.0,8.0,done
MANORG.NS,Manorama Indust.,Miscellaneous,20.0,2026-04-26 11:05,448.35,12.02,-4.5,-13.83,367.05,621.05,22.15,Stable,Rising,13.9,0.0,4.39,7.48,0.0,16.79,384.0,https://www.screener.in/company/MANORG/consolidated/,0.0,0.0,54.91,0.0,0.0,0.02,0.02,0.0,0.0,0.0,0.0,1,0,-0.02,0.0,Selling (-0.0% over 4Q),No data,645.11,516.09,580.6,451.58,STRONG BUY,PE Mean Reversion: ₹645.11 | 52W Low Buffer: ₹422.11,56.5,B  (Watch),7.0,5.0,8.0,3.0,1.0,1.0,10.0,8.0,10.0,8.0,done
ITDC.NS,I T D C,Miscellaneous,20.0,2026-04-26 11:09,584.95,37.09,2.84,-7.0,370.5,672.85,57.88,Stable,Rising,62.6,0.0,24.2,30.5,0.0,3.68,5017.0,https://www.screener.in/company/ITDC/consolidated/,0.02,1.98,87.03,0.02,0.02,0.0,0.09,1.98,1.98,1.86,1.79,0,1,-0.07,0.19,Stable,Accumulating (+0.2% over 4Q),426.07,340.86,383.46,298.25,OVERVALUED +37.3%,PE Mean Reversion: ₹186.88 | 52W Low Buffer: ₹426.07,56.5,B  (Watch),4.0,7.0,1.0,3.0,8.0,10.0,10.0,2.0,10.0,4.0,done
AGIIL.NS,AGI Infra,Real Estate,25.0,2026-04-26 11:10,357.2,14.6,25.29,24.07,148.54,374.6,140.47,Rising,Rising,53.2,0.0,25.7,22.0,0.0,7.08,4465.0,https://www.screener.in/company/AGIIL/consolidated/,0.0,0.0,72.95,0.0,0.0,0.0,0.0,0.0,0.0,0.0,0.0,0,0,0.0,0.0,No data,No data,170.82,136.66,153.74,119.57,OVERVALUED +109.1%,PE Mean Reversion: ₹167.86 | 52W Low Buffer: ₹170.82,56.5,B  (Watch),4.0,5.0,1.0,3.0,10.0,8.0,10.0,4.0,10.0,2.0,done
POKARNA.NS,Pokarna,Miscellaneous,20.0,2026-04-26 11:13,903.15,9.05,17.24,22.75,704.5,1124.7,28.2,Rising,Normal,24.6,0.0,27.4,28.4,0.0,-25.73,2800.0,https://www.screener.in/company/POKARNA/consolidated/,3.66,10.34,56.66,3.66,3.95,4.05,4.27,10.34,10.38,10.25,11.16,1,0,-0.61,-0.82,Selling (-0.6% over 4Q),Stable/Reducing,810.17,648.14,729.15,567.12,OVERVALUED +11.5%,PE Mean Reversion: ₹734.27 | 52W Low Buffer: ₹810.17,56.5,B  (Watch),7.0,2.0,1.0,3.0,10.0,10.0,10.0,0.0,10.0,6.0,done
NPST.NS,Network People,Miscellaneous,20.0,2026-04-26 11:14,1212.6,9.65,-8.57,-36.03,878.6,2355.36,38.02,Stable,Normal,73.1,0.0,56.0,69.2,0.0,-8.09,2528.0,https://www.screener.in/company/NPST/consolidated/,0.0,9.66,67.55,0.0,0.0,0.0,0.0,9.66,9.66,9.66,9.66,0,0,0.0,0.0,No data,Stable/Reducing,1010.39,808.31,909.35,707.27,OVERVALUED +20.0%,PE Mean Reversion: ₹331.76 | 52W Low Buffer: ₹1010.39,56.5,B  (Watch),4.0,5.0,1.0,3.0,10.0,10.0,10.0,0.0,10.0,6.0,done
AIMTRON.NS,Aimtron,Miscellaneous,20.0,2026-04-26 11:15,995.1,26.15,21.97,44.64,488.4,1018.4,103.75,Rising,Rising,59.0,0.0,24.8,29.2,0.0,40.88,2051.0,https://www.screener.in/company/AIMTRON/consolidated/,1.82,1.47,71.3,1.82,1.01,0.47,0.22,1.47,3.54,2.39,2.17,0,0,1.6,-0.7,Buying (+1.6% over 4Q),Stable/Reducing,561.66,449.33,505.49,393.16,OVERVALUED +77.2%,PE Mean Reversion: ₹337.32 | 52W Low Buffer: ₹561.66,56.5,B  (Watch),2.0,2.0,1.0,3.0,8.0,10.0,10.0,10.0,10.0,2.0,done
AVANTEL.NS,Avantel,Miscellaneous,20.0,2026-04-26 11:10,154.16,21.02,1.32,-25.61,105.44,211.66,46.2,Stable,Rising,251.0,0.0,28.1,37.1,0.0,-16.47,4096.0,https://www.screener.in/company/AVANTEL/consolidated/,0.0,0.03,40.1,0.0,0.0,0.0,0.0,0.03,0.01,0.01,0.0,0,1,0.0,0.03,No data,Accumulating (+0.0% over 4Q),121.26,97.01,109.13,84.88,OVERVALUED +27.1%,PE Mean Reversion: ₹12.28 | 52W Low Buffer: ₹121.26,56.0,B  (Watch),4.0,7.0,1.0,3.0,10.0,10.0,10.0,0.0,7.0,4.0,done
TRITURBINE.NS,Triveni Turbine,Power,25.0,2026-04-26 11:00,569.85,24.93,12.56,8.69,435.25,662.2,30.92,Rising,Rising,51.4,0.0,30.6,41.4,0.0,1.69,18115.0,https://www.screener.in/company/TRITURBINE/consolidated/,26.79,12.56,55.84,26.79,27.68,27.28,27.26,12.56,11.66,12.49,12.71,0,0,-0.47,-0.15,Stable,Stable/Reducing,500.54,400.43,450.49,350.38,OVERVALUED +13.8%,PE Mean Reversion: ₹277.16 | 52W Low Buffer: ₹500.54,55.5,B  (Watch),4.0,2.0,1.0,3.0,10.0,10.0,10.0,2.0,10.0,6.0,done
KSB.NS,KSB,Miscellaneous,20.0,2026-04-26 11:01,971.5,24.19,33.37,20.96,680.0,996.1,42.87,Rising,Normal,58.5,0.0,18.3,24.5,0.0,6.44,16908.0,https://www.screener.in/company/KSB/consolidated/,3.43,10.3,66.69,3.43,3.51,4.5,5.22,10.3,10.88,10.13,10.03,1,0,-1.79,0.27,Selling (-1.8% over 4Q),Stable/Reducing,782.0,625.6,703.8,547.4,OVERVALUED +24.2%,PE Mean Reversion: ₹332.14 | 52W Low Buffer: ₹782.0,54.5,B  (Watch),7.0,5.0,1.0,3.0,6.0,8.0,10.0,4.0,10.0,4.0,done
ELECON.NS,Elecon Engg.Co,Engineering,25.0,2026-04-26 11:03,512.75,31.52,29.5,-7.83,354.75,703.17,44.54,Rising,Rising,32.2,0.0,16.6,21.0,0.0,6.24,11506.0,https://www.screener.in/company/ELECON/consolidated/,2.81,2.02,59.29,2.81,4.88,5.96,7.58,2.02,2.92,2.64,2.29,1,0,-4.77,-0.27,Selling (-4.8% over 4Q),Stable/Reducing,407.96,326.37,367.16,285.57,OVERVALUED +25.7%,PE Mean Reversion: ₹398.1 | 52W Low Buffer: ₹407.96,54.5,B  (Watch),10.0,2.0,1.0,3.0,6.0,8.0,10.0,4.0,10.0,4.0,done
VIJAYA.NS,Vijaya Diagnost.,Healthcare,25.0,2026-04-26 11:03,1065.55,17.79,7.12,8.57,861.4,1139.06,23.7,Stable,Rising,68.3,0.0,19.0,20.9,0.0,12.78,10964.0,https://www.screener.in/company/VIJAYA/consolidated/,20.27,19.02,54.98,20.27,20.68,19.95,20.09,19.02,18.64,19.82,20.8,0,0,0.18,-1.78,Buying (+0.2% over 4Q),Stable/Reducing,990.61,792.49,891.55,693.43,OVERVALUED +7.6%,PE Mean Reversion: ₹390.03 | 52W Low Buffer: ₹990.61,54.5,B  (Watch),4.0,2.0,1.0,3.0,6.0,8.0,10.0,8.0,10.0,8.0,done
CERA.NS,Cera Sanitary.,Miscellaneous,20.0,2026-04-26 11:06,5328.3,12.09,4.55,-11.53,4524.3,7052.5,17.77,Stable,Normal,27.8,0.0,18.2,22.4,0.0,1.14,6872.0,https://www.screener.in/company/CERA/consolidated/,19.44,9.04,54.48,19.44,20.92,20.63,21.93,9.04,8.38,8.38,6.61,0,1,-2.49,2.43,Stable,Accumulating (+2.4% over 4Q),5202.94,4162.35,4682.65,3642.06,OVERVALUED +2.4%,PE Mean Reversion: ₹3833.31 | 52W Low Buffer: ₹5202.94,54.5,B  (Watch),2.0,10.0,1.0,3.0,6.0,8.0,10.0,2.0,10.0,8.0,done
KOVAI.NS,Kovai Medical,Pharmaceuticals,25.0,2026-04-26 11:07,5659.6,0.0,0.0,0.0,5487.9,5676.6,3.13,Stable,Normal,107.0,0.0,22.2,24.1,0.0,11.49,6192.0,https://www.screener.in/company/KOVAI/consolidated/,2.2,2.19,56.26,2.2,2.25,2.24,0.34,2.19,2.09,2.09,4.18,0,0,1.86,-1.99,Buying (+1.9% over 4Q),Stable/Reducing,6311.08,5048.86,5679.97,4417.76,WATCH,PE Mean Reversion: ₹1322.34 | 52W Low Buffer: ₹6311.08,54.5,B  (Watch),2.0,2.0,1.0,3.0,8.0,8.0,10.0,6.0,10.0,10.0,done
STUDDS.NS,Studds Accessor.,Miscellaneous,20.0,2026-04-26 11:15,486.45,-0.86,-8.73,0.0,445.0,574.6,9.31,Stable,Normal,25.8,0.0,16.7,22.6,0.0,10.4,1914.0,https://www.screener.in/company/STUDDS/consolidated/,1.36,8.98,61.75,1.36,1.07,0.0,0.0,8.98,9.6,0.0,0.0,0,0,1.36,8.98,Buying (+1.4% over 4Q),Stable/Reducing,511.75,409.4,460.57,358.22,FAIR VALUE,PE Mean Reversion: ₹377.09 | 52W Low Buffer: ₹511.75,54.5,B  (Watch),2.0,5.0,1.0,3.0,6.0,8.0,10.0,6.0,10.0,10.0,done
KRISHNADEF.NS,Krishna Defence,Defence,25.0,2026-04-26 11:17,1045.05,16.32,17.63,26.89,673.2,1161.4,55.24,Rising,Normal,43.5,0.0,18.6,24.3,0.0,83.02,1561.0,https://www.screener.in/company/KRISHNADEF/consolidated/,0.0,0.0,100.0,0.0,0.1,0.0,0.0,0.0,0.0,0.0,0.27,0,0,0.0,-0.27,Stable,Stable/Reducing,774.18,619.34,696.76,541.93,OVERVALUED +35.0%,PE Mean Reversion: ₹600.6 | 52W Low Buffer: ₹774.18,54.5,B  (Watch),4.0,2.0,1.0,3.0,6.0,8.0,10.0,10.0,10.0,4.0,done
PFIZER.NS,Pfizer,Miscellaneous,20.0,2026-04-26 10:59,4733.2,-0.84,-1.79,-11.25,4123.93,5766.5,14.77,Stable,Normal,141.0,0.0,19.8,27.2,0.0,0.3,21653.0,https://www.screener.in/company/PFIZER/consolidated/,2.81,14.89,63.92,2.81,2.82,3.03,3.32,14.89,15.0,15.15,15.32,1,0,-0.51,-0.43,Selling (-0.5% over 4Q),Stable/Reducing,4742.52,3794.02,4268.27,3319.76,FAIR VALUE,PE Mean Reversion: ₹671.38 | 52W Low Buffer: ₹4742.52,53.5,B  (Watch),7.0,2.0,1.0,3.0,6.0,10.0,10.0,2.0,10.0,8.0,done
RITES.NS,Rites,Miscellaneous,20.0,2026-04-26 11:04,216.77,13.16,-5.7,-13.41,175.63,299.64,23.42,Stable,Rising,25.2,0.0,14.7,21.8,0.0,1.98,10418.0,https://www.screener.in/company/RITES/consolidated/,3.44,15.25,72.2,3.44,3.98,3.22,4.17,15.25,12.72,12.27,11.09,0,1,-0.73,4.16,Stable,Accumulating (+4.2% over 4Q),201.97,161.58,181.77,141.38,OVERVALUED +7.3%,PE Mean Reversion: ₹172.04 | 52W Low Buffer: ₹201.97,53.5,B  (Watch),4.0,10.0,1.0,3.0,4.0,8.0,10.0,2.0,10.0,8.0,done
IONEXCHANG.NS,ION Exchange,Miscellaneous,20.0,2026-04-26 11:08,397.35,17.54,13.03,-0.28,317.25,566.29,25.25,Rising,Normal,30.1,0.0,18.7,22.3,0.0,5.44,5828.0,https://www.screener.in/company/IONEXCHANG/consolidated/,2.44,11.66,26.94,2.44,3.94,5.2,5.63,11.66,11.9,11.95,12.21,1,0,-3.19,-0.55,Selling (-3.2% over 4Q),Stable/Reducing,364.84,291.87,328.36,255.39,OVERVALUED +8.9%,PE Mean Reversion: ₹264.02 | 52W Low Buffer: ₹364.84,53.0,B  (Watch),10.0,2.0,1.0,3.0,6.0,8.0,10.0,4.0,5.0,6.0,done
CARERATING.NS,CARE Ratings,Miscellaneous,20.0,2026-04-26 11:09,1560.1,1.46,-2.92,6.51,1190.92,1917.01,31.0,Stable,Rising,29.1,0.0,18.0,24.6,0.0,12.44,4688.0,https://www.screener.in/company/CARERATING/consolidated/,20.25,23.17,0.0,20.25,20.9,21.67,22.91,23.17,23.72,26.32,26.89,1,0,-2.66,-3.72,Selling (-2.7% over 4Q),Stable/Reducing,1369.56,1095.65,1232.6,958.69,OVERVALUED +13.9%,PE Mean Reversion: ₹1072.23 | 52W Low Buffer: ₹1369.56,53.0,B  (Watch),7.0,2.0,1.0,3.0,6.0,8.0,10.0,8.0,3.0,6.0,done
MANINFRA.NS,Man Infra,Real Estate,25.0,2026-04-26 11:10,113.53,24.63,-2.17,-21.21,78.44,188.82,44.73,Stable,Rising,19.5,0.0,17.5,23.5,0.0,-29.69,4583.0,https://www.screener.in/company/MANINFRA/consolidated/,2.39,1.67,67.12,2.39,3.72,3.5,3.55,1.67,2.1,2.09,2.1,0,0,-1.16,-0.43,Stable,Stable/Reducing,145.55,116.44,131.0,101.89,BUY,PE Mean Reversion: ₹145.55 | 52W Low Buffer: ₹90.21,53.0,B  (Watch),2.0,2.0,8.0,3.0,6.0,8.0,10.0,0.0,10.0,4.0,done
JWL.NS,Jupiter Wagons,Automobiles,25.0,2026-04-26 11:02,279.12,6.29,-15.71,-16.53,238.1,421.01,17.23,Falling,Normal,47.2,0.0,17.4,21.1,0.0,-19.76,11929.0,https://www.screener.in/company/JWL/consolidated/,0.27,2.26,72.37,0.27,0.86,1.26,2.28,2.26,1.01,2.05,1.92,1,0,-2.01,0.34,Selling (-2.0% over 4Q),Stable/Reducing,273.81,219.05,246.43,191.67,OVERVALUED +1.9%,PE Mean Reversion: ₹147.84 | 52W Low Buffer: ₹273.81,52.5,B  (Watch),7.0,5.0,1.0,3.0,6.0,8.0,10.0,0.0,10.0,8.0,done
NCC.NS,NCC,Miscellaneous,20.0,2026-04-26 11:04,161.99,15.22,8.01,-23.15,130.94,237.56,23.71,Stable,Normal,13.6,0.0,11.4,21.7,0.0,-6.66,10170.0,https://www.screener.in/company/NCC/consolidated/,22.46,12.29,22.0,22.46,24.18,23.89,27.33,12.29,11.03,10.52,10.63,0,0,-4.87,1.66,Stable,Stable/Reducing,238.22,190.58,214.4,166.75,STRONG BUY,PE Mean Reversion: ₹238.22 | 52W Low Buffer: ₹150.58,52.5,B  (Watch),2.0,5.0,8.0,3.0,4.0,8.0,10.0,0.0,5.0,8.0,done
AEROFLEX.NS,Aeroflex,Defence,25.0,2026-04-26 11:11,277.87,18.87,57.44,60.61,157.21,311.23,76.75,Rising,Normal,74.9,0.0,16.6,22.3,0.0,8.51,3677.0,https://www.screener.in/company/AEROFLEX/consolidated/,1.13,6.76,66.99,1.13,0.36,0.29,0.21,6.76,5.83,6.16,5.91,0,0,0.92,0.85,Buying (+0.9% over 4Q),Stable/Reducing,180.79,144.63,162.71,126.55,OVERVALUED +53.7%,PE Mean Reversion: ₹92.75 | 52W Low Buffer: ₹180.79,52.5,B  (Watch),4.0,5.0,1.0,3.0,6.0,8.0,10.0,6.0,10.0,2.0,done
THEJO.NS,Thejo Engg.,Engineering,25.0,2026-04-26 11:16,1740.7,11.89,-6.35,-4.55,1457.4,2429.01,19.44,Stable,Rising,37.4,0.0,18.2,22.1,0.0,9.42,1888.0,https://www.screener.in/company/THEJO/consolidated/,0.14,0.45,54.34,0.14,0.0,0.0,0.49,0.45,0.72,0.72,0.76,0,0,-0.35,-0.31,Stable,Stable/Reducing,1676.01,1340.81,1508.41,1173.21,OVERVALUED +3.9%,PE Mean Reversion: ₹1163.57 | 52W Low Buffer: ₹1676.01,52.5,B  (Watch),4.0,2.0,1.0,3.0,6.0,8.0,10.0,6.0,10.0,8.0,done
ELGIEQUIP.NS,Elgi Equipments,Engineering,25.0,2026-04-26 11:01,547.3,14.01,24.6,13.11,415.55,593.55,31.7,Rising,Normal,41.8,0.0,20.1,21.9,0.0,9.15,17344.0,https://www.screener.in/company/ELGIEQUIP/consolidated/,29.33,4.87,31.19,29.33,28.82,29.02,29.54,4.87,4.84,4.92,4.97,0,0,-0.21,-0.1,Stable,Stable/Reducing,477.88,382.3,430.09,334.52,OVERVALUED +14.5%,PE Mean Reversion: ₹327.33 | 52W Low Buffer: ₹477.88,52.0,B  (Watch),4.0,2.0,1.0,3.0,8.0,8.0,10.0,6.0,5.0,6.0,done
CDSL.NS,C D S L,Miscellaneous,20.0,2026-04-26 10:58,1312.8,10.25,-7.26,-18.22,1119.4,1790.3,17.28,Stable,Rising,57.6,0.0,32.7,42.0,0.0,2.31,27438.0,https://www.screener.in/company/CDSL/consolidated/,15.1,22.03,15.0,15.1,15.25,18.16,11.38,22.03,21.8,21.33,23.15,0,0,3.72,-1.12,Buying (+3.7% over 4Q),Stable/Reducing,1287.31,1029.85,1158.58,901.12,OVERVALUED +2.0%,PE Mean Reversion: ₹455.83 | 52W Low Buffer: ₹1287.31,51.0,B  (Watch),2.0,2.0,1.0,3.0,10.0,10.0,10.0,2.0,3.0,8.0,done
GPIL.NS,Godawari Power,Power,25.0,2026-04-26 11:00,289.95,10.39,9.35,19.06,175.75,305.55,64.98,Stable,Rising,26.3,0.0,17.2,23.2,0.0,-2.46,19506.0,https://www.screener.in/company/GPIL/consolidated/,3.64,1.11,67.68,3.64,4.66,5.41,5.54,1.11,1.52,2.09,2.08,1,0,-1.9,-0.97,Selling (-1.9% over 4Q),Stable/Reducing,275.62,220.5,248.06,192.93,OVERVALUED +5.2%,PE Mean Reversion: ₹275.62 | 52W Low Buffer: ₹202.11,51.0,B  (Watch),7.0,2.0,4.0,3.0,6.0,8.0,10.0,0.0,10.0,2.0,done
CONCORDBIO.NS,Concord Biotech,IT,28.0,2026-04-26 11:03,1016.2,-6.97,-24.79,-36.61,1014.8,2116.9,0.14,Falling,Normal,33.8,0.0,21.3,28.2,0.0,-3.42,10631.0,https://www.screener.in/company/CONCORDBIO/consolidated/,7.3,8.12,44.08,7.3,7.0,6.49,7.11,8.12,8.4,8.41,10.35,0,0,0.19,-2.23,Buying (+0.2% over 4Q),Stable/Reducing,1167.02,933.62,1050.32,816.91,WATCH,PE Mean Reversion: ₹841.82 | 52W Low Buffer: ₹1167.02,51.0,B  (Watch),4.0,2.0,1.0,3.0,8.0,10.0,10.0,0.0,7.0,10.0,done
IMFA.NS,Indian Metals,Metals,25.0,2026-04-26 11:05,1504.6,21.8,18.61,23.01,566.01,1565.4,165.83,Rising,Rising,22.0,0.0,17.0,21.3,0.0,2.53,8118.0,https://www.screener.in/company/IMFA/consolidated/,1.67,0.08,58.69,1.67,2.47,2.93,2.88,0.08,0.09,0.1,0.1,0,0,-1.21,-0.02,Stable,Stable/Reducing,1709.77,1367.82,1538.79,1196.84,WATCH,PE Mean Reversion: ₹1709.77 | 52W Low Buffer: ₹650.91,51.0,B  (Watch),2.0,2.0,6.0,3.0,6.0,8.0,10.0,2.0,10.0,2.0,done
GRINDWELL.NS,Grindwell Norton,Miscellaneous,20.0,2026-04-26 11:00,1609.8,14.81,1.26,-4.45,1353.1,1825.84,18.97,Stable,Normal,45.8,0.0,16.0,20.9,0.0,4.55,17824.0,https://www.screener.in/company/GRINDWELL/consolidated/,8.34,15.38,58.04,8.34,8.4,8.42,8.31,15.38,15.31,15.45,15.9,0,0,0.03,-0.52,Buying (+0.0% over 4Q),Stable/Reducing,1556.06,1244.85,1400.45,1089.24,OVERVALUED +3.5%,PE Mean Reversion: ₹702.97 | 52W Low Buffer: ₹1556.06,50.5,B  (Watch),4.0,2.0,1.0,3.0,6.0,8.0,10.0,4.0,10.0,8.0,done
SJS.NS,SJS Enterprises,Miscellaneous,20.0,2026-04-26 11:08,1616.6,2.07,-4.04,7.3,906.31,1903.5,78.37,Stable,Normal,33.2,0.0,18.9,22.8,0.0,17.76,5173.0,https://www.screener.in/company/SJS/consolidated/,5.32,12.6,51.33,5.32,14.27,12.85,15.11,12.6,30.53,31.93,32.06,0,0,-9.79,-19.46,Stable,Stable/Reducing,1042.26,833.81,938.03,729.58,OVERVALUED +55.1%,PE Mean Reversion: ₹973.86 | 52W Low Buffer: ₹1042.26,49.5,B  (Watch),2.0,2.0,1.0,3.0,6.0,8.0,10.0,8.0,10.0,2.0,done
SKIPPER.NS,Skipper,Miscellaneous,20.0,2026-04-26 11:09,454.15,29.7,14.97,-12.0,330.4,568.25,37.45,Rising,Rising,26.9,0.0,14.4,24.2,0.0,11.89,5129.0,https://www.screener.in/company/SKIPPER/consolidated/,9.93,0.28,71.89,9.93,8.09,7.4,4.6,0.28,0.15,0.15,0.2,0,0,5.33,0.08,Buying (+5.3% over 4Q),Stable/Reducing,379.96,303.97,341.96,265.97,OVERVALUED +19.5%,PE Mean Reversion: ₹337.66 | 52W Low Buffer: ₹379.96,49.5,B  (Watch),2.0,5.0,1.0,3.0,4.0,8.0,10.0,6.0,10.0,6.0,done
AVANTIFEED.NS,Avanti Feeds,Miscellaneous,20.0,2026-04-26 11:00,1421.1,17.84,71.33,120.55,632.3,1503.4,124.75,Rising,Normal,30.6,0.0,19.5,24.0,0.0,6.58,19362.0,https://www.screener.in/company/AVANTIFEED/consolidated/,13.06,9.08,43.28,13.06,13.5,13.47,14.11,9.08,8.81,8.64,7.47,0,1,-1.05,1.61,Stable,Accumulating (+1.6% over 4Q),928.82,743.06,835.94,650.17,OVERVALUED +53.0%,PE Mean Reversion: ₹928.82 | 52W Low Buffer: ₹727.14,49.0,B  (Watch),2.0,7.0,1.0,3.0,6.0,8.0,10.0,4.0,7.0,2.0,done
AFCONS.NS,Afcons Infrastr.,Real Estate,25.0,2026-04-26 11:03,314.55,12.84,-12.09,-32.11,271.2,465.7,15.98,Falling,Rising,22.6,0.0,11.1,19.6,0.0,0.08,11569.0,https://www.screener.in/company/AFCONS/consolidated/,18.0,11.12,50.17,18.0,18.21,15.8,12.81,11.12,12.07,14.53,17.94,0,0,5.19,-6.82,Buying (+5.2% over 4Q),Stable/Reducing,347.95,278.36,313.15,243.56,FAIR VALUE,PE Mean Reversion: ₹347.95 | 52W Low Buffer: ₹311.88,49.0,B  (Watch),2.0,2.0,6.0,3.0,4.0,6.0,10.0,2.0,10.0,8.0,done
RATNAMANI.NS,Ratnamani Metals,Metals,25.0,2026-04-26 11:00,2605.8,12.77,19.98,11.32,1946.4,2989.16,33.88,Rising,Normal,30.6,0.0,16.0,21.5,0.0,-1.2,18265.0,https://www.screener.in/company/RATNAMANI/consolidated/,12.79,16.45,59.77,12.79,12.87,12.77,12.86,16.45,16.47,16.28,16.14,0,0,-0.07,0.31,Stable,Stable/Reducing,2238.36,1790.69,2014.52,1566.85,OVERVALUED +16.4%,PE Mean Reversion: ₹2128.92 | 52W Low Buffer: ₹2238.36,48.5,B  (Watch),4.0,5.0,1.0,3.0,6.0,8.0,10.0,0.0,10.0,6.0,done
RAILTEL.NS,Railtel Corpn.,Miscellaneous,20.0,2026-04-26 11:04,315.9,16.35,-10.18,-17.21,246.1,457.18,28.36,Falling,Rising,54.0,0.0,12.0,16.2,0.0,13.29,10138.0,https://www.screener.in/company/RAILTEL/consolidated/,1.32,2.2,72.84,1.32,1.46,1.45,2.2,2.2,3.54,3.39,2.64,0,0,-0.88,-0.44,Stable,Stable/Reducing,283.01,226.41,254.71,198.11,OVERVALUED +11.6%,PE Mean Reversion: ₹117.0 | 52W Low Buffer: ₹283.01,48.5,B  (Watch),4.0,2.0,1.0,3.0,4.0,6.0,10.0,8.0,10.0,6.0,done
VIMTALABS.NS,Vimta Labs,Miscellaneous,20.0,2026-04-26 11:15,457.65,7.13,-17.59,-35.45,380.7,877.2,20.21,Falling,Normal,33.6,0.0,13.5,17.6,0.0,3.46,2044.0,https://www.screener.in/company/VIMTALABS/consolidated/,2.72,2.14,37.23,2.72,2.74,2.88,5.13,2.14,1.5,1.49,1.5,1,0,-2.41,0.64,Selling (-2.4% over 4Q),Stable/Reducing,437.8,350.24,394.02,306.46,OVERVALUED +4.5%,PE Mean Reversion: ₹272.41 | 52W Low Buffer: ₹437.8,48.0,B  (Watch),7.0,5.0,1.0,3.0,4.0,6.0,10.0,2.0,7.0,8.0,done
ABDL.NS,Allied Blenders,Miscellaneous,20.0,2026-04-26 11:01,558.3,36.69,17.5,2.43,302.23,683.8,84.73,Rising,Rising,58.2,0.0,20.0,21.1,0.0,9.01,15616.0,https://www.screener.in/company/ABDL/consolidated/,3.83,3.52,80.91,3.83,2.83,2.55,2.73,3.52,4.14,4.01,4.03,0,0,1.1,-0.51,Buying (+1.1% over 4Q),Stable/Reducing,347.56,278.05,312.8,243.29,OVERVALUED +60.6%,PE Mean Reversion: ₹191.86 | 52W Low Buffer: ₹347.56,47.5,B  (Watch),2.0,2.0,1.0,3.0,6.0,8.0,10.0,6.0,10.0,2.0,done
WEWORK.NS,Wework India,Miscellaneous,20.0,2026-04-26 11:06,535.0,13.83,-10.88,0.0,426.5,647.7,25.44,Falling,Rising,31.7,0.0,0.0,139.0,0.0,17.06,7243.0,https://www.screener.in/company/WEWORK/consolidated/,21.97,24.83,49.8,21.97,20.37,0.0,0.0,24.83,25.61,0.0,0.0,0,0,21.97,24.83,Buying (+22.0% over 4Q),Stable/Reducing,490.47,392.38,441.42,343.33,OVERVALUED +9.1%,PE Mean Reversion: ₹337.54 | 52W Low Buffer: ₹490.47,47.5,B  (Watch),2.0,5.0,1.0,3.0,1.0,10.0,10.0,8.0,7.0,6.0,done
HIMATSEIDE.NS,Himadri Special,Miscellaneous,20.0,2026-04-26 10:58,88.09,11.06,-14.6,-25.23,72.64,163.66,21.27,Falling,Normal,7.07,0.0,1.0,9.04,0.0,-8.03,1108.0,https://www.screener.in/company/HIMATSEIDE/consolidated/,2.69,2.42,47.57,2.69,3.91,4.03,3.99,2.42,1.24,1.05,0.99,0,1,-1.3,1.43,Stable,Accumulating (+1.4% over 4Q),249.19,199.35,224.27,174.43,STRONG BUY,PE Mean Reversion: ₹249.19 | 52W Low Buffer: ₹83.54,47.0,B  (Watch),2.0,7.0,10.0,3.0,1.0,1.0,10.0,0.0,7.0,8.0,done
ROLEXRINGS.NS,Rolex Rings,Miscellaneous,20.0,2026-04-26 11:10,155.27,30.33,28.82,16.04,100.44,162.18,54.59,Rising,Rising,0.0,0.0,0.0,0.0,0.0,0.0,0.0,https://www.screener.in/company/ROLEXRINGS/consolidated/,5.01,32.47,55.25,5.01,5.6,6.28,7.75,32.47,32.09,31.68,29.91,1,1,-2.74,2.56,Selling (-2.7% over 4Q),Accumulating (+2.6% over 4Q),115.51,92.41,103.96,80.86,OVERVALUED +34.4%,52W Low Buffer: ₹115.51,41.5,C  (Hold),7.0,10.0,0.0,3.0,1.0,1.0,10.0,2.0,10.0,4.0,done
PGHH.NS,P & G Health Ltd,Healthcare,25.0,2026-04-26 11:05,10300.0,6.11,-15.13,-26.24,9138.0,14146.5,12.72,Falling,Rising,0.0,0.0,0.0,0.0,0.0,0.0,0.0,https://www.screener.in/company/PGHH/consolidated/,1.13,15.49,70.64,1.13,1.3,1.48,1.57,15.49,15.45,15.29,15.11,1,1,-0.44,0.38,Selling (-0.4% over 4Q),Accumulating (+0.4% over 4Q),10508.7,8406.96,9457.83,7356.09,FAIR VALUE,52W Low Buffer: ₹10508.7,40.5,C  (Hold),7.0,7.0,0.0,3.0,1.0,1.0,10.0,2.0,10.0,8.0,done
NIRLON.NS,Nirlon,Miscellaneous,20.0,2026-04-26 11:09,550.02,0.0,0.0,0.0,544.74,550.02,0.97,Stable,Normal,0.0,0.0,0.0,0.0,0.0,0.0,0.0,https://www.screener.in/company/NIRLON/consolidated/,14.33,0.14,70.34,14.33,14.38,14.25,14.34,0.14,0.01,0.01,0.01,0,1,-0.01,0.13,Stable,Accumulating (+0.1% over 4Q),626.45,501.16,563.81,438.51,WATCH,52W Low Buffer: ₹626.45,38.5,C  (Hold),4.0,7.0,0.0,3.0,1.0,1.0,10.0,2.0,10.0,10.0,done
PNGSREVA.NS,PNGS Reva Diamo.,Miscellaneous,20.0,2026-04-26 11:18,396.9,7.77,0.0,0.0,331.8,411.7,19.62,Stable,Rising,0.0,0.0,0.0,0.0,0.0,0.0,0.0,https://www.screener.in/company/PNGSREVA/consolidated/,5.27,13.11,63.09,5.27,0.0,0.0,0.0,13.11,0.0,0.0,0.0,0,1,5.27,13.11,Buying (+5.3% over 4Q),Accumulating (+13.1% over 4Q),381.57,305.26,343.41,267.1,OVERVALUED +4.0%,52W Low Buffer: ₹381.57,38.5,C  (Hold),2.0,10.0,0.0,3.0,1.0,1.0,10.0,2.0,10.0,8.0,done
INGERRAND.NS,Ingersoll-Rand,Miscellaneous,20.0,2026-04-26 11:02,4216.0,15.59,30.99,7.22,3124.3,4216.0,34.94,Rising,Normal,0.0,0.0,0.0,0.0,0.0,0.0,0.0,https://www.screener.in/company/INGERRAND/consolidated/,1.24,5.42,75.0,1.24,1.31,1.44,1.59,5.42,5.38,5.18,5.36,1,0,-0.35,0.06,Selling (-0.3% over 4Q),Stable/Reducing,3592.94,2874.35,3233.65,2515.06,OVERVALUED +17.3%,52W Low Buffer: ₹3592.94,37.5,C  (Hold),7.0,5.0,0.0,3.0,1.0,1.0,10.0,2.0,10.0,6.0,done
TTML.NS,Tata Tele. Mah.,Telecom,25.0,2026-04-26 11:05,44.63,23.39,-4.02,-22.65,31.36,76.9,42.32,Stable,Rising,0.0,0.0,0.0,-12.7,0.0,8.01,8725.0,https://www.screener.in/company/TTML/consolidated/,2.03,0.05,74.36,2.03,2.23,2.26,2.46,0.05,0.06,0.05,0.06,1,0,-0.43,-0.01,Selling (-0.4% over 4Q),Stable/Reducing,36.06,28.85,32.45,25.24,OVERVALUED +23.8%,52W Low Buffer: ₹36.06,37.5,C  (Hold),7.0,2.0,0.0,3.0,1.0,1.0,10.0,6.0,10.0,4.0,done
SHANTIGOLD.NS,Shanti Gold,Miscellaneous,20.0,2026-04-26 11:17,205.75,11.45,0.21,-3.91,156.63,253.0,31.36,Stable,Normal,0.0,0.0,0.0,0.0,0.0,0.0,0.0,https://www.screener.in/company/SHANTIGOLD/consolidated/,2.68,4.01,74.89,2.68,2.21,2.18,0.0,4.01,2.29,2.13,0.0,0,1,2.68,4.01,Buying (+2.7% over 4Q),Accumulating (+4.0% over 4Q),180.12,144.1,162.11,126.08,OVERVALUED +14.2%,52W Low Buffer: ₹180.12,37.5,C  (Hold),2.0,10.0,0.0,3.0,1.0,1.0,10.0,2.0,10.0,6.0,done
VESUVIUS.NS,Vesuvius India,Miscellaneous,20.0,2026-04-26 11:04,499.95,4.52,8.59,-0.71,435.35,619.0,14.84,Stable,Normal,0.0,0.0,0.0,0.0,0.0,0.0,0.0,https://www.screener.in/company/VESUVIUS/consolidated/,0.77,23.2,55.57,0.77,1.26,1.73,1.57,23.2,23.28,23.26,23.06,0,0,-0.8,0.14,Stable,Stable/Reducing,500.65,400.52,450.58,350.45,FAIR VALUE,52W Low Buffer: ₹500.65,35.5,C  (Hold),4.0,5.0,0.0,3.0,1.0,1.0,10.0,2.0,10.0,8.0,done
SHILCTECH.NS,Shilchar Tech.,IT,28.0,2026-04-26 11:08,5016.3,26.12,50.33,0.0,2923.4,5307.8,71.59,Rising,Normal,0.0,0.0,0.0,0.0,0.0,0.0,0.0,https://www.screener.in/company/SHILCTECH/consolidated/,0.59,0.0,65.85,0.59,1.0,3.17,3.55,0.0,0.0,0.0,0.0,1,0,-2.96,0.0,Selling (-3.0% over 4Q),No data,3361.91,2689.53,3025.72,2353.34,OVERVALUED +49.2%,52W Low Buffer: ₹3361.91,35.5,C  (Hold),7.0,5.0,0.0,3.0,1.0,1.0,10.0,2.0,10.0,2.0,done
AUTOAXLES.NS,Automotive Axles,Automobiles,25.0,2026-04-26 11:13,1796.3,7.78,-5.5,4.16,1547.1,2109.3,16.11,Stable,Normal,0.0,0.0,0.0,0.0,0.0,0.0,0.0,https://www.screener.in/company/AUTOAXLES/consolidated/,0.7,12.47,71.04,0.7,0.67,0.63,0.51,12.47,12.0,11.96,11.97,0,0,0.19,0.5,Buying (+0.2% over 4Q),Stable/Reducing,1779.16,1423.33,1601.24,1245.41,OVERVALUED +1.0%,52W Low Buffer: ₹1779.16,35.5,C  (Hold),4.0,5.0,0.0,3.0,1.0,1.0,10.0,2.0,10.0,8.0,done
ORIENTTECH.NS,Orient Tech.,IT,28.0,2026-04-26 11:18,278.2,5.8,-24.5,-32.16,224.0,459.45,24.2,Falling,Normal,0.0,0.0,0.0,0.0,0.0,0.0,1274.0,https://www.screener.in/company/ORIENTTECH/consolidated/,3.56,1.88,73.22,3.56,2.17,1.45,0.69,1.88,0.0,0.0,0.0,0,1,2.87,1.88,Buying (+2.9% over 4Q),Accumulating (+1.9% over 4Q),257.6,206.08,231.84,180.32,OVERVALUED +8.0%,52W Low Buffer: ₹257.6,35.5,C  (Hold),2.0,7.0,0.0,3.0,1.0,1.0,10.0,2.0,10.0,8.0,done
TIMKEN.NS,Timken India,Miscellaneous,20.0,2026-04-26 10:59,3517.6,11.2,15.29,18.04,2427.38,3633.0,44.91,Rising,Normal,60.3,0.0,0.0,0.0,0.0,0.0,26459.0,https://www.screener.in/company/TIMKEN/consolidated/,6.56,19.11,57.7,6.56,6.71,7.13,7.2,19.11,19.68,22.57,23.62,1,0,-0.64,-4.51,Selling (-0.6% over 4Q),Stable/Reducing,2791.49,2233.19,2512.34,1954.04,OVERVALUED +26.0%,PE Mean Reversion: ₹1166.7 | 52W Low Buffer: ₹2791.49,35.0,C  (Hold),7.0,2.0,1.0,3.0,1.0,1.0,10.0,2.0,10.0,4.0,done
CASTROLIND.NS,Castrol India,Miscellaneous,20.0,2026-04-26 11:00,182.79,0.38,0.26,-6.21,173.52,218.6,5.34,Stable,Normal,0.0,0.0,0.0,0.0,0.0,0.0,0.0,https://www.screener.in/company/CASTROLIND/consolidated/,11.41,16.52,51.0,11.41,10.96,10.38,9.51,16.52,16.51,15.92,16.37,0,0,1.9,0.15,Buying (+1.9% over 4Q),Stable/Reducing,199.55,159.64,179.6,139.69,FAIR VALUE,52W Low Buffer: ₹199.55,34.5,C  (Hold),2.0,5.0,0.0,3.0,1.0,1.0,10.0,2.0,10.0,10.0,done
TIPSMUSIC.NS,Tips Music,Media,35.0,2026-04-26 11:05,665.15,29.02,29.28,23.23,479.96,687.63,38.59,Rising,Rising,0.0,0.0,0.0,0.0,0.0,0.0,0.0,https://www.screener.in/company/TIPSMUSIC/consolidated/,0.06,0.0,75.0,0.06,0.42,0.85,2.09,0.0,0.57,0.91,8.17,1,0,-2.03,-8.17,Selling (-2.0% over 4Q),Stable/Reducing,551.95,441.56,496.76,386.37,OVERVALUED +20.5%,52W Low Buffer: ₹551.95,34.5,C  (Hold),7.0,2.0,0.0,3.0,1.0,1.0,10.0,2.0,10.0,6.0,done
WEBELSOLAR.NS,Websol Energy,Power,25.0,2026-04-26 11:09,110.85,48.1,33.41,-7.16,51.89,156.67,113.62,Rising,Normal,26.5,0.0,0.0,0.0,0.0,0.0,4813.0,https://www.screener.in/company/WEBELSOLAR/consolidated/,4.14,0.02,26.76,4.14,0.83,0.77,0.47,0.02,0.02,0.25,0.0,0,0,3.67,0.02,Buying (+3.7% over 4Q),Stable/Reducing,104.58,83.66,94.12,73.21,OVERVALUED +6.0%,PE Mean Reversion: ₹104.58 | 52W Low Buffer: ₹59.67,34.0,C  (Hold),2.0,5.0,4.0,3.0,1.0,1.0,10.0,2.0,5.0,2.0,done
ELANTAS.NS,Elantas Beck,Miscellaneous,20.0,2026-04-26 11:06,9035.65,0.0,0.0,0.0,9035.65,9222.6,0.0,Stable,Normal,0.0,0.0,0.0,0.0,0.0,0.0,0.0,https://www.screener.in/company/ELANTAS/consolidated/,0.74,11.5,75.0,0.74,0.73,0.71,0.7,11.5,11.73,11.8,11.88,0,0,0.04,-0.38,Buying (+0.0% over 4Q),Stable/Reducing,10391.0,8312.8,9351.9,7273.7,WATCH,52W Low Buffer: ₹10391.0,33.5,C  (Hold),4.0,2.0,0.0,3.0,1.0,1.0,10.0,2.0,10.0,10.0,done
HAWKINCOOK.NS,Hawkins Cookers,Miscellaneous,20.0,2026-04-26 11:11,7474.27,0.0,0.0,0.0,7474.27,7592.47,0.0,Stable,Normal,0.0,0.0,0.0,0.0,0.0,0.0,0.0,https://www.screener.in/company/HAWKINCOOK/consolidated/,0.37,17.3,56.03,0.37,0.35,0.34,0.19,17.3,17.48,17.53,17.63,0,0,0.18,-0.33,Buying (+0.2% over 4Q),Stable/Reducing,8595.41,6876.33,7735.87,6016.79,WATCH,52W Low Buffer: ₹8595.41,33.5,C  (Hold),4.0,2.0,0.0,3.0,1.0,1.0,10.0,2.0,10.0,10.0,done
KROSS.NS,Kross Ltd,Miscellaneous,20.0,2026-04-26 11:19,184.5,7.46,-7.38,-2.55,154.65,229.75,19.3,Stable,Normal,0.0,0.0,0.0,0.0,0.0,0.0,0.0,https://www.screener.in/company/KROSS/consolidated/,5.93,9.54,67.7,5.93,4.16,3.18,2.53,9.54,9.33,9.72,8.87,0,0,3.4,0.67,Buying (+3.4% over 4Q),Stable/Reducing,177.85,142.28,160.06,124.49,OVERVALUED +3.7%,52W Low Buffer: ₹177.85,33.5,C  (Hold),2.0,5.0,0.0,3.0,1.0,1.0,10.0,2.0,10.0,8.0,done
SCHNEIDER.NS,Schneider Elect.,Miscellaneous,20.0,2026-04-26 10:58,1180.1,32.6,89.68,42.31,550.95,1180.1,114.19,Rising,Normal,0.0,0.0,0.0,0.0,0.0,0.0,0.0,https://www.screener.in/company/SCHNEIDER/consolidated/,0.67,2.17,75.0,0.67,1.32,1.85,1.93,2.17,2.28,2.26,2.61,1,0,-1.26,-0.44,Selling (-1.3% over 4Q),Stable/Reducing,633.59,506.87,570.23,443.51,OVERVALUED +86.3%,52W Low Buffer: ₹633.59,32.5,C  (Hold),7.0,2.0,0.0,3.0,1.0,1.0,10.0,2.0,10.0,2.0,done
GILLETTE.NS,Gillette India,Miscellaneous,20.0,2026-04-26 10:59,8095.5,1.17,2.79,-13.38,7253.5,10978.86,11.61,Stable,Normal,0.0,0.0,0.0,0.0,0.0,0.0,0.0,https://www.screener.in/company/GILLETTE/consolidated/,0.66,11.29,75.0,0.66,0.61,0.64,0.71,11.29,11.08,11.22,12.82,0,0,-0.05,-1.53,Stable,Stable/Reducing,8341.52,6673.22,7507.37,5839.06,FAIR VALUE,52W Low Buffer: ₹8341.52,32.5,C  (Hold),4.0,2.0,0.0,3.0,1.0,1.0,10.0,2.0,10.0,8.0,done
INDIGRID.NS,International Ge,Miscellaneous,20.0,2026-04-26 11:01,172.03,4.12,5.58,7.28,132.5,173.94,29.84,Stable,Normal,60.1,0.0,6.6,7.51,0.0,3.5,19578.0,https://www.screener.in/company/INDIGRID/consolidated/,0.0,0.0,0.0,0.0,0.0,0.0,0.0,0.0,0.0,0.0,0.0,0,0,0.0,0.0,No data,No data,152.38,121.9,137.14,106.67,OVERVALUED +12.9%,PE Mean Reversion: ₹57.25 | 52W Low Buffer: ₹152.38,32.5,C  (Hold),4.0,5.0,1.0,3.0,1.0,1.0,10.0,2.0,3.0,6.0,done
SWARAJENG.NS,Swaraj Engines,Miscellaneous,20.0,2026-04-26 11:09,3863.0,8.49,7.49,-7.66,3308.9,4607.9,16.75,Stable,Rising,0.0,0.0,0.0,0.0,0.0,0.0,0.0,https://www.screener.in/company/SWARAJENG/consolidated/,2.5,8.47,52.12,2.5,2.6,2.71,2.55,8.47,8.51,9.02,9.54,0,0,-0.05,-1.07,Stable,Stable/Reducing,3805.23,3044.18,3424.71,2663.66,OVERVALUED +1.5%,52W Low Buffer: ₹3805.23,32.5,C  (Hold),4.0,2.0,0.0,3.0,1.0,1.0,10.0,2.0,10.0,8.0,done
INDOSOLAR.NS,Indosolar,Power,25.0,2026-04-26 11:16,454.2,17.93,-6.86,-36.18,173.32,711.7,162.06,Stable,Rising,0.0,0.0,0.0,0.0,0.0,0.0,0.0,https://www.screener.in/company/INDOSOLAR/consolidated/,0.0,0.0,0.0,0.0,0.0,0.0,0.0,0.0,0.0,0.0,0.0,0,0,0.0,0.0,No data,No data,199.32,159.46,179.39,139.52,OVERVALUED +127.9%,52W Low Buffer: ₹199.32,29.0,D  (Avoid),4.0,5.0,0.0,3.0,1.0,1.0,10.0,2.0,3.0,2.0,done
VENUSPIPES.NS,Venus Pipes,Miscellaneous,20.0,2026-04-26 11:13,1339.35,41.06,18.47,0.57,894.0,1634.66,49.82,Rising,Rising,0.0,0.0,0.0,0.0,0.0,0.0,0.0,https://www.screener.in/company/VENUSPIPES/consolidated/,6.49,8.73,48.2,6.49,6.6,4.81,4.27,8.73,7.25,8.26,13.02,0,0,2.22,-4.29,Buying (+2.2% over 4Q),Stable/Reducing,1028.1,822.48,925.29,719.67,OVERVALUED +30.3%,52W Low Buffer: ₹1028.1,27.0,D  (Avoid),2.0,2.0,0.0,3.0,1.0,1.0,10.0,2.0,7.0,4.0,done
DATAPATTNS.NS,Data Pattern,Miscellaneous,20.0,2026-04-26 10:59,4077.7,26.21,58.14,45.36,2080.36,4135.1,96.01,Rising,Normal,0.0,0.0,0.0,0.0,0.0,0.0,0.0,https://www.screener.in/company/DATAPATTNS/consolidated/,5.32,11.11,42.41,5.32,7.17,6.74,14.56,11.11,9.55,9.15,11.58,0,0,-9.24,-0.47,Stable,Stable/Reducing,2392.41,1913.93,2153.17,1674.69,OVERVALUED +70.4%,52W Low Buffer: ₹2392.41,26.0,D  (Avoid),2.0,2.0,0.0,3.0,1.0,1.0,10.0,2.0,7.0,2.0,done
